{
  "generator-jhipster": {
    "promptValues": {
      "packageName": "fr.tsupa.mysecondapp"
    },
    "jhipsterVersion": "4.8.1",
    "baseName": "mySecondApp",
    "packageName": "fr.tsupa.mysecondapp",
    "packageFolder": "fr/tsupa/mysecondapp",
    "serverPort": "8080",
    "authenticationType": "session",
    "hibernateCache": "no",
    "clusteredHttpSession": false,
    "websocket": false,
    "databaseType": "mongodb",
    "devDatabaseType": "mongodb",
    "prodDatabaseType": "mongodb",
    "searchEngine": false,
    "messageBroker": false,
    "serviceDiscoveryType": false,
    "buildTool": "maven",
    "enableSocialSignIn": false,
    "enableSwaggerCodegen": true,
    "rememberMeKey": "79d5ac7fb2ef56a41bf0ba596f48f1f11187eda3",
    "clientFramework": "angularX",
    "useSass": false,
    "clientPackageManager": "npm",
    "applicationType": "monolith",
    "testFrameworks": [
      "cucumber",
      "protractor"
    ],
    "jhiPrefix": "jhi",
    "enableTranslation": false
  }
}